m,r
expensive..,common ccp w
but but.. .none of thse characters are playable in isaac??,w w w wwhat the h aell!!!!
but twhy you hit the drum then stop,which part?
cock shrink,would intellifuck counteract the effect??
gonna do this in real life,permanent inventory upgrade
bitch ass roommate is nagging,alright brody
me when it has been 3 years since call of duty cold wars,what you mean been at least 30 years
multiple attack types,this the gun combat???
art made from instructions of how multiple points connects 🤯,ok bro you going too far
guy im with paid 10000 for a fake ass coin,probably bitcoin
uncanny content,that a phone number???
its from a plane,the one at the ned?
idea store,full version out tonight!!!
had to look up how to mouse lock 😔,i learn most of the unity stuff through google anyways bro probably fine
limitations of pixel art,sorry bro the limitations is part of the appeal and the presentation is of the artist
he had a nightmare so his character arc needs to roll back 2 seasons,the ret con
"""volunteer""",nah it's mandatory 😔😔
hood torrentz dot za,za third level domain??????
is kind of cool ngl but degeneracy !!!!!!,loser creeps gang bangin institution
so he just preparing for the possibility,maybe it will work one day
where you get 200gb of games???,the bay bro 🧌
cause it was peak!!!!!!!,✍️ 🔥 🔥 🔥 🔥 🔥 🔥 🔥 🔥 🔥 🔥 🔥 🔥 🔥 🔥 🔥 🔥 🔥
erm... what??,yeah bro pretty crazy
you drawn worst osaka gets asked to leave the osaka drawing club,what do you mean bro
same guy from the maid outfit image btw,can't wait for the next iteration of vtubers
where is he??????,told you it was hard
its my house.wad,doom will befall
no kaomoji on my iphone 5s dawg 😭,(⁠人⁠*⁠´⁠∀⁠｀⁠)⁠｡⁠*ﾟ⁠+
aftermath^,sounds awesome bro
my ideology,ain't no way that's not possible
my second artwork for the day,erm... guns are illegal here...
the teacher,can i get a scholarship
not highschool,vcp agent bro
british got talent storyline incoming,does that mean it good or bad??
i would recommend ds shit but yo ass aint got a touch screen,nah bro steam deck got touch screen 👍
there aint no way bro,em sniffervngaming
doesnt sound right...,losers creeps pedo variant #477
ccp restaurant,been singing chinese karaoke i should be able to read the menu
transforming....,what the hael??
now he have to find new hobby,"wait til you find out about the ""brown"" pill"
vin uni mf unhygenic ahh hell,also additional piss story the other day i saw some guy do a one handed piss technique
just wait till macroeconomics 🧌,did you have to learn that too
retirement in full force,sshit ass head ass gfame
awesomesauce eve3n,dubstep wub wub??
bbbbbboku nnnnno NIGHTO MARU!!!!!!!!!!,shit thineself
thas cool bro but anthony is back in smosh,what the hael real
was gonna ask where,you foun dit?
bro said osaka smh,sorry i don't know the lore 😔
