message,response
is this efficient,the hael you doing
no character portrait 😭,yeah bro i tried adding but
the impact,reddit telling me about new genshin impact update
found a gif that truly represents me,the curve 😭 😭 😭 😭 😭 😭 😭 😭 😭 😭
how you do that,which one or both
your onset is: dementia,i do not have
how would i rember !!!!!!,too crazy lore
i think it le quirky thou,yeah it sound goofy
gooning circle,rizzler warning ⚠️⚠️
huyen thoai me linh,huyen thoai minh lien
anyways bro you gotta be real with the guy,i will see
his hand is bright as fuck too,it is because of le effects 😔
nah bro she got that 2077 type beat,does this have a feature to kill you when you die in game
psychopath,boiled to death bro
mf get more routers!!!!!,closest router is 2 floors away
i already sent this to you !!!!!!,din din din idni dni dnin din idn idni idni ndin din dn din din din
cream unfuck,woah woah brody
they are building a gpt model out of this discord chat,what the hael????
clopping dad 😒😒😒,have you watched trhe map video this morning i sent
cock sucking dialogue,there's only 5 chapters bro the harem has to develop quickly
french music,:bagguaete:
you got the free cash?,don't know yet waiting for results
philadelphia in action,should i click on the link???
how would you determine how strong a mf if he dont have no lroe,but there's no one else though?
not a hood war character...,cameo appearance
is king back!!!!,sorry i can't watch the second half of the video it was too obnoxious
wtf segregation,cracker cat vs n word cat
freddy!!!!,five nights at freddy's
he looks like samson when he cut his hair,tainted samson
they built it for some pizza = capitalist invention = money = profit‼️‼️,who ever said the slaves were getting the money from pizza hut
if i have nitro rn you know which image ill send,what image
LEGEND BREAST,holy shit!!!!
diversity department,where lebron why lebron not in the lineup
i know your password!!!! 😈,what's my password???
"its cool tho but literally 9 grader in sv keep killing everyone !!
4",that's aweosm e:thumb
a bit better but i think what if the option box were equal size,i'll see after lunch
"the ""aka oni""",ayo wtf that's not an option
i would do this but i dont have python installed 😃,me: hello world
wrong lyrics foo!!!!!,semantics 😤
new record bro,what's the record
was on a goon sesh with joe biden,woah no way i am joebiden1488 on Zing chat
the release of candy crush has been a great disaster for human kinda,never played candy crush but i always thought it was ok
damn bro i just got the news,what's goingon
what sussy sv,the pedophile server i just sent
wheremultiple choice,still writing bro 😔 not yet
"its called ""the video game thesis ponderer""",so you just think about video game thesis not analyze it??
:trollyou:,wtf???????
where is it.... now !!!!!!,drawing right now bro 😔
friday noght fucking ass beat,that's the fucking chau len ba beat bro
trollage more like slendermen the game demo,hmm i don't see no notes to collect 🤔
